"source","scraped_at_utc","catalog_title","catalog_url","product_url","catalog_image","catalog_popularity","product_name","display_name","brand","description","breadcrumb","product_id","sku_id","selection_id","mag_code","key","gtin14","image_large","image_small","price","currency","availability","num_issues","magazine_sku_type","recurring","auto_renew","ship_to_po_box","cds_magazine","subco_magazine","taxable_sku","tax_code","tax_status","shipping_and_handling","rating_value","review_count","scrape_error"
"magazines.com","2026-06-13T14:59:28.2330871Z","405","/405-magazine.html","https://www.magazines.com/405-magazine.html","https://cdn.magazines.com/crt/store/covers/magazines/nmo/14LV_s.jpg","0","405","405 (Print)","Hilltop Media","The definitive city and lifestyle magazine of central Oklahoma, featuring people, places, events, dining and culture. ","Home > magazines > Local & Regional Magazines > Southwest Region Magazines > 405","prod10440006","sku11100029","124400056","14LV","I14LVCS","9772578229008","https://cdn.magazines.com/crt/store/covers/magazines/nmo/14LV_l.jpg","https://cdn.magazines.com/crt/store/covers/magazines/nmo/14LV_s.jpg","24.95","USD","http://schema.org/InStock","24","Print","True","False","True","False","True","True","PM039394","0","0.0",,,""
"magazines.com","2026-06-13T14:59:28.2320891Z","405","/405-magazine.html","https://www.magazines.com/405-magazine.html","https://cdn.magazines.com/crt/store/covers/magazines/nmo/14LV_s.jpg","0","405","405 (Print)","Hilltop Media","The definitive city and lifestyle magazine of central Oklahoma, featuring people, places, events, dining and culture. ","Home > magazines > Local & Regional Magazines > Southwest Region Magazines > 405","prod10440006","sku11100029","124400055","14LV","I14LVCS","9772578229008","https://cdn.magazines.com/crt/store/covers/magazines/nmo/14LV_l.jpg","https://cdn.magazines.com/crt/store/covers/magazines/nmo/14LV_s.jpg","14.95","USD","http://schema.org/InStock","12","Print","True","False","True","False","True","True","PM039394","0","0.0",,,""
"magazines.com","2026-06-13T14:59:18.5638681Z","allrecipes Best Recipes","/allrecipes-best-recipes","https://www.magazines.com/allrecipes-best-recipes","https://cdn.magazines.com/crt/store/covers/sips/BZALR100BERE_s.jpg","-1","allrecipes Best Recipes",,"People Inc.","Find the best of the best in this issue of Allrecipes magazine as we showcase all-time favorite recipes—the most reviewed and best rated—from allrecipes.com! This collection of popular recipes includes savory dinners, simple side dishes, and plenty of dessert options, too. You'll also find party-startin' drinks and appetizers. Plus, we share the most-saved recipe of all-time: World's Best Lasagna.","Home > magazines > Cooking, Food & Beverage Magazines > Cooking & Food Magazines > allrecipes Best Recipes","prod8950002",,"136500090",,,"9781547870417","https://cdn.magazines.com/crt/store/covers/sips/BZALR100BERE_l.jpg","https://cdn.magazines.com/crt/store/covers/sips/BZALR100BERE_s.jpg","12.99","USD","http://schema.org/OutOfStock",,,"False","False","True",,,,,,,,,""
"magazines.com","2026-06-13T14:59:25.5177378Z","Avengers","/avengers-magazine.html","https://www.magazines.com/avengers-magazine.html","https://cdn.magazines.com/crt/store/covers/magazines/nmo/8430_s.jpg","4","Avengers (print)","Avengers (print)","Midtown Comics, Inc.","The time has come! Their ranks shattered by Civil War, their spirits weighted down by a toll both personal and spiritual, Earth's Mightiest Heroes must find the resolve to stand united one final time against their greatest foe! Captain America! Thor! The Vision! The Wasp! Spider-Man! Hercules! When the dust settles, not a one of these valiant heroes will make it to the final page alive! This is KANG WAR ONE! ","Home > magazines > Hobby Magazines > Comic Book Magazines > Avengers","prod9610899","sku9930950","112100070","8430","I8430CS","9772378975006","https://cdn.magazines.com/crt/store/covers/magazines/nmo/8430_l.jpg","https://cdn.magazines.com/crt/store/covers/magazines/nmo/8430_s.jpg","47.88","USD","http://schema.org/InStock","12","Print","True","False","True","False","True","True","PM039394","0","0.0",,,""
"magazines.com","2026-06-13T14:59:00.6899772Z","Better Homes & Gardens: 100 Ideas Flea Market Style","/better-homes-and-gardens-100-ideas-flea-market-style","https://www.magazines.com/better-homes-and-gardens-100-ideas-flea-market-style","https://cdn.magazines.com/crt/store/covers/sips/BZBHGFLMAST_s.jpg","-1","Better Homes & Gardens: 100 Ideas Flea Market Style",,"People Inc.","100 Ideas Flea Market Style magazine shows you how to turn collectibles into decor capable of infusing your home with a personal sense of style. Striking photos, pulled-out projects, collectors' advice, and bargain-hunting tips combine to create a go-to guide for turning fantastic flea market finds into striking, comfortable rooms.
","Home > magazines > Home & Gardening Magazines > Interior Design Magazines > Better Homes & Gardens: 100 Ideas Flea Market Style","prod8950002",,"124400095",,,,"https://cdn.magazines.com/crt/store/covers/sips/BZBHGFLMAST_l.jpg","https://cdn.magazines.com/crt/store/covers/sips/BZBHGFLMAST_s.jpg","12.99","USD","http://schema.org/OutOfStock",,,"False","False","True",,,,,,,,,""
"magazines.com","2026-06-13T14:59:26.8650240Z","BHG Eat to Beat Inflammation","/bhg-eat-to-beat-inflammation-2025","https://www.magazines.com/bhg-eat-to-beat-inflammation-2025","https://cdn.magazines.com/crt/store/covers/sips/BZBHGEATBEAT_s.jpg","-1","BHG Eat to Beat Inflammation",,"People Inc.","Many chronic diseases have one thing in common: inflammation. But you can fight it with food and feel better in no time. Learn the top foods to fight inflammation, as well as the top foods to avoid. Each recipe is armed with nutrient-packed, disease-fighting ingredients. Even better? The recipes are delicious, simple, quick, and even family-approved! Eat to beat inflammation and feel better today!","Home > magazines > Cooking, Food & Beverage Magazines > BHG Eat to Beat Inflammation","prod8950002",,"133000007",,,,"https://cdn.magazines.com/crt/store/covers/sips/BZBHGEATBEAT_l.jpg","https://cdn.magazines.com/crt/store/covers/sips/BZBHGEATBEAT_s.jpg","12.99","USD","http://schema.org/OutOfStock",,,"False","False","True",,,,,,,,,""
"magazines.com","2026-06-13T14:59:14.2475770Z","Breathe Mindfulness Journal","/breathe-mindfulness-journal","https://www.magazines.com/breathe-mindfulness-journal","https://cdn.magazines.com/crt/store/covers/sips/BZBREMINDJO_s.jpg","-1","Breathe Mindfulness Journal",,"People Inc.","Brought to you by the creators of Breathe magazine, this journal presents a collection of images, inspirational quotations, and guided prompts designed to develop and enhance your sense of mindfulness. It's filled with brand-new, simple exercises to help you live in the moment, set goals, relieve worries and stress, write from the heart, and so much more. Along with the beautiful illustrations, there's plenty of space to record your innermost thoughts and ideas.
","Home > magazines > Health & Fitness Magazines > Healthy Living Magazines > Breathe Mindfulness Journal","prod8950002",,"124400096",,,,"https://cdn.magazines.com/crt/store/covers/sips/BZBREMINDJO_l.jpg","https://cdn.magazines.com/crt/store/covers/sips/BZBREMINDJO_s.jpg","12.99","USD","http://schema.org/OutOfStock",,,"False","False","True",,,,,,,,,""
"magazines.com","2026-06-13T14:59:02.1033001Z","Cooking Light Carb-Smart Recipes 2025","/cooking-light-carb-smart-recipes-2025","https://www.magazines.com/cooking-light-carb-smart-recipes-2025","https://cdn.magazines.com/crt/store/covers/sips/BZCKLCARBREC_s.jpg","-1","Cooking Light Carb-Smart Recipes 2025",,"People Inc.","Instead of avoiding carbs altogether, health experts recommend that we make wise choices when it comes to carbohydrates in our diet in order to get all the nutrients we need for a healthy life. In this issue, we offer a wide variety of healthy carbs, including minimally processed whole grains, whole fruits, and plenty of fresh veggies.","Home > magazines > Cooking, Food & Beverage Magazines > Cooking & Food Magazines > Cooking Light Carb-Smart Recipes 2025","prod8950002",,"136500094",,,"9781547870462","https://cdn.magazines.com/crt/store/covers/sips/BZCKLCARBREC_l.jpg","https://cdn.magazines.com/crt/store/covers/sips/BZCKLCARBREC_s.jpg","12.99","USD","http://schema.org/OutOfStock",,,"False","False","True",,,,,,,,,""
"magazines.com","2026-06-13T14:59:19.9197805Z","EatingWell: What to Eat for Life","/eatingwell-what-to-eat-for-life","https://www.magazines.com/eatingwell-what-to-eat-for-life","https://cdn.magazines.com/crt/store/covers/sips/BZETGEATLIFE_s.jpg","-1","EatingWell: What to Eat for Life",,"People Inc.","Finding the best ways to eat for life means navigating through the health-fad and diet clutter. Now, the editors of Eating Well present a special edition, What to Eat for Life, that demystifies the trends, fads and contradictory information about eating well and healthily, and instead presents a clear and balanced approach to a sound diet, including moderation and not abstinence, incorporating a variety of foods into your diet, and the many reasons to pack on the produce. What to Eat for Life also provides guidance on selecting the best meat and fish (and maintaining a sustainable table), how to incorporate more fiber into your life, the power of plant-based eating as well as guidance on navigating food labels, a buyer's handbook, superstars of the whole grain world and more. Of course, What to Eat for Life also includes several recipes to help you get started on your new journey. 
","Home > magazines > Cooking, Food & Beverage Magazines > Cooking & Food Magazines > EatingWell: What to Eat for Life","prod8950002",,"124400098",,,,"https://cdn.magazines.com/crt/store/covers/sips/BZETGEATLIFE_l.jpg","https://cdn.magazines.com/crt/store/covers/sips/BZETGEATLIFE_s.jpg","12.99","USD","http://schema.org/OutOfStock",,,"False","False","True",,,,,,,,,""
"magazines.com","2026-06-13T14:59:07.5274394Z","Entertainment Weekly: The Ultimate Guide to Ru Paul","/entertainment-weekly-the-ultimate-guide-to-ru-paul","https://www.magazines.com/entertainment-weekly-the-ultimate-guide-to-ru-paul","https://cdn.magazines.com/crt/store/covers/sips/BZEWKRUPAUL_s.jpg","-1","Entertainment Weekly: The Ultimate Guide to Ru Paul",,"People Inc.","You better work! For more than three decades, RuPaul has forged his own path in the entertainment industry, serving his unique blend of charisma, nerve and talent on every dance floor, catwalk and television stage he's stepped foot on. In this Ultimate Guide to RuPaul presented by the editors of Entertainment Weekly, we chart his groundbreaking rise from New York club kid to superstar drag queen; from LGBTQ+ advocate to 11-time Emmy winner for the reality competition series RuPaul's Drag Race. Along the way, we chat with those who know him best (hey, Michelle Visage!) and remember all the Drag Race queens and shocking moments that made jaws hit the floor. It's an eleganza extravaganza no fan will want to miss.  
","Home > magazines > Entertainment & TV Magazines > TV & Movie Entertainment Magazines > Entertainment Weekly: The Ultimate Guide to Ru Paul","prod8950002",,"124400090",,,,"https://cdn.magazines.com/crt/store/covers/sips/BZEWKRUPAUL_l.jpg","https://cdn.magazines.com/crt/store/covers/sips/BZEWKRUPAUL_s.jpg","14.99","USD","http://schema.org/OutOfStock",,,"False","False","True",,,,,,,,,""
"magazines.com","2026-06-13T14:59:17.1465816Z","Entertainment Weekly: The Ultimate Guide to Stranger Things","/entertainment-weekly-the-ultimate-guide-to-stranger-things","https://www.magazines.com/entertainment-weekly-the-ultimate-guide-to-stranger-things","https://cdn.magazines.com/crt/store/covers/sips/BZEWKSTTHI_s.jpg","0","Entertainment Weekly: The Ultimate Guide to Stranger Things",,"People Inc.","There's no escaping the Upside Down! For four seasons, Netflix's Stranger Things has followed the scrappy heroes of Hawkins, Indiana, as they've battled all manner of creepy creatures to save not just their hometown, but the world. Ahead of the highly anticipated Volume 2, The Ultimate Guide to Stranger Things presented by the editors of Entertainment Weekly, takes you inside the hit series with exclusive cast interviews, including Winona Ryder, David Harbour and Matthew Modine; season guides and plenty of set secrets (like how they make season 4 baddie Vecna look so real!). Plus, you can test your knowledge of all things '80s and pay your respects to the dearly departed Barb (RIP). It's the perfect binge companion for any Stranger Things fan! (Eggo waffles not included.) 
","Home > magazines > Entertainment & TV Magazines > TV & Movie Entertainment Magazines > Entertainment Weekly: The Ultimate Guide to Stranger Things","prod8950002",,"124400099",,,,"https://cdn.magazines.com/crt/store/covers/sips/BZEWKSTTHI_l.jpg","https://cdn.magazines.com/crt/store/covers/sips/BZEWKSTTHI_s.jpg","14.99","USD","http://schema.org/InStock",,,"False","False","True",,,,,,,,,""
"magazines.com","2026-06-13T14:59:04.8563934Z","Forks Over Knives Summer 2022","/forks-over-knives-summer-2022","https://www.magazines.com/forks-over-knives-summer-2022","https://cdn.magazines.com/crt/store/covers/sips/BZFOKSU22_s.jpg","-1","Forks Over Knives Summer 2022",,"People Inc.","Forks Over Knives, a feature film released in 2011, helped launch the concept of a whole-food, plant-based lifestyle as a path to good health and wellness. This issue of Forks Over Knives magazine offers delicious dinners that can be made in less than 30 minutes, grab-and-go lunch recipes, farmers market salads, and refreshing desserts, PLUS health and nutrition information, expert tips, convenient cooking products, and real-life success stories for healthful, happy living.
","Home > magazines > Cooking, Food & Beverage Magazines > Cooking & Food Magazines > Forks Over Knives Summer 2022","prod8950002",,"124400091",,,,"https://cdn.magazines.com/crt/store/covers/sips/BZFOKSU22_l.jpg","https://cdn.magazines.com/crt/store/covers/sips/BZFOKSU22_s.jpg","12.99","USD","http://schema.org/OutOfStock",,,"False","False","True",,,,,,,,,""
"magazines.com","2026-06-13T14:58:56.7527400Z","Health Living Longer","/health-living-longer","https://www.magazines.com/health-living-longer","https://cdn.magazines.com/crt/store/covers/sips/BZHTHLIVLON_s.jpg","-1","Health Living Longer",,"People Inc.","It's the age-old question: how can I live longer? The race to make it past 100, or even longer, involves a lifetime of healthy habits. This special edition of Health explores emerging technology and lifestyle habits that can help us live longer and healthier. Topics include the science of longevity, ageism in the workplace, exercise at every stage, and the menopause revolution. 
","Home > magazines > Health & Fitness Magazines > Healthy Living Magazines > Health Living Longer","prod8950002",,"124400093",,,,"https://cdn.magazines.com/crt/store/covers/sips/BZHTHLIVLON_l.jpg","https://cdn.magazines.com/crt/store/covers/sips/BZHTHLIVLON_s.jpg","12.99","USD","http://schema.org/OutOfStock",,,"False","False","True",,,,,,,,,""
"magazines.com","2026-06-13T14:59:15.6726979Z","Highlights Hidden Pictures: Rip-Roaring Dinosaurs Edition","/highlights-hidden-pictures-rip-roaring-dinosaurs-edition","https://www.magazines.com/highlights-hidden-pictures-rip-roaring-dinosaurs-edition","https://cdn.magazines.com/crt/store/covers/sips/BZTOPHIDINOS_s.jpg","-1","Highlights Hidden Pictures: Rip-Roaring Dinosaurs Edition",,"People Inc.","Get ready for rip-roaring, prehistoric puzzles! Find hundreds of hidden objects in this expanded issue filled with action-packed and super silly scenes featuring dinos dancing to jazz music, velociraptors racing, a skateboarding T-rex and so much more. With everyone's favorite puzzle—Hidden Pictures—as well as games, trivia and crafts, this issue is dino-mite!","Home > magazines > Magazines for Kids & Children > Highlights Hidden Pictures: Rip-Roaring Dinosaurs Edition","prod8950002",,"136500091",,,"9781547870424","https://cdn.magazines.com/crt/store/covers/sips/BZTOPHIDINOS_l.jpg","https://cdn.magazines.com/crt/store/covers/sips/BZTOPHIDINOS_s.jpg","14.99","USD","http://schema.org/OutOfStock",,,"False","False","True",,,,,,,,,""
"magazines.com","2026-06-13T14:59:06.1399468Z","Hot Rod","/hot-rod-magazine.html","https://www.magazines.com/hot-rod-magazine.html","https://cdn.magazines.com/crt/store/covers/magazines/nmo/0670_s.jpg","36","Hot Rod","Hot Rod (Print)","Motor Trend Group, LLC","Hot Rod magazine takes the world of high-performance vehicles to a whole new level! Action packed with all of the new auto technology, the best how-to guides and everything you need to know about transforming your car into the vehicle it is meant to be. This magazine brings you the knowledge you need and the information you want with every issue. Devoted to all things hot rodding, drag racing and muscles cars, Hot Rod shows you exactly how to boost your vehicles performance and appearance with money-saving tips on maintenance, restoration, rebuilding, paint and graphics and bolt-on parts. Technical information, industry commentary, and a first look at rising trends will be right at your fingertips. You'll even find details on hot rod events across the country so you can see some of the rarest cars in existence up close. If you have the need for speed, then a subscription to Hot Rod is perfect for you!","Home > magazines > Auto & Cycles Magazines > Car & Automotive Magazines > Hot Rod","prod9180012","sku9140011","116900067","0670","I0670CS",,"https://cdn.magazines.com/crt/store/covers/magazines/nmo/0670_l.jpg","https://cdn.magazines.com/crt/store/covers/magazines/nmo/0670_s.jpg","30.0","USD","http://schema.org/InStock","4","Print","True","False","True","False","True","True","PM039394","0","0.0","4.6","36",""
"magazines.com","2026-06-13T14:59:10.1820924Z","Hungry Girl Healthy & Easy Copycat Recipes","/hungry-girl-healthy-easy-copycat-recipes","https://www.magazines.com/hungry-girl-healthy-easy-copycat-recipes","https://cdn.magazines.com/crt/store/covers/sips/BZHGLOWCALRE_s.jpg","0","Hungry Girl Healthy & Easy Copycat Recipes - Combo Offer","Allrecipes Magazine (Print)",,"","Home > magazines > Cooking, Food & Beverage Magazines > Cooking & Food Magazines > Hungry Girl Healthy & Easy Copycat Recipes","136500093","sku640006","136500093","ALR","IMALRCS","false","https://cdn.magazines.com/crt/store/covers/sips/BZHGLOWCALRE_l.jpg","https://cdn.magazines.com/crt/store/covers/sips/BZHGLOWCALRE_s.jpg","2.0","USD","http://schema.org/InStock","5","Print","True","False","True","True","False","True","PM039394","55101506.100","0.0",,,""
"magazines.com","2026-06-13T14:59:29.6120708Z","LIFE: The Most Haunted Places","/life-the-most-haunted-places","https://www.magazines.com/life-the-most-haunted-places","https://cdn.magazines.com/crt/store/covers/sips/BZLIFHAUNT_s.jpg","-1","LIFE: The Most Haunted Places",,"People Inc.","You might want to keep the lights on as you read The World's Most Haunted Places. This spine-chilling Special Edition from LIFE is filled with striking photos and eerie stories about some of the world's creepiest places. There's the hotel that inspired The Shining . . . the Amityville Horror house . . . and the dilapidated farm that was home to the serial killer who inspired The Texas Chainsaw Massacre, The Silence of the Lambs, and Psycho. Not every spot is horrifying, though. Some, like Angkor Wat or the ancient ruins under Lake Titicaca- are mysterious, even spiritual. Others, filled with mummies, abandoned dolls, rusting prison bars, or headstones, are unnerving. But they all have one thing in common - they exist partly in our world, and partly in a shadowy realm of fear and horror. With dozens of unforgettable photographs The World's Most Haunted Places takes readers on a round-the-world tour of places that you'll never be able to forget.
","Home > magazines > Ethnic & Culture Magazines > Culture & Heritage Magazines > LIFE: The Most Haunted Places","prod8950002",,"111900006",,,,"https://cdn.magazines.com/crt/store/covers/sips/BZLIFHAUNT_l.jpg","https://cdn.magazines.com/crt/store/covers/sips/BZLIFHAUNT_s.jpg","14.99","USD","http://schema.org/OutOfStock",,,"False","False","True",,,,,,,,,""
"magazines.com","2026-06-13T14:58:57.8139080Z","Norwalk Plus","/norwalk-plus-magazine.html","https://www.magazines.com/norwalk-plus-magazine.html","https://cdn.magazines.com/crt/store/covers/magazines/nmo/12E7_s.jpg","0","Norwalk Plus (print)","Norwalk Plus (print)","Canaiden, LLC","Norwalk Plus magazine is The Magazine for Norwalk. Published since 2006, Norwalk Plus magazine is dedicated to serving the community of Norwalk, CT with relevant editorials and a unique perspective on a myriad of topics concerning the broad-minded residents of Norwalk and southern Fairfield County.","Home > magazines > Local & Regional Magazines > Northeast Region Magazines > Norwalk Plus","prod9620136","sku9940136","112100076","12E7","I12E7CS","9771948081000","https://cdn.magazines.com/crt/store/covers/magazines/nmo/12E7_l.jpg","https://cdn.magazines.com/crt/store/covers/magazines/nmo/12E7_s.jpg","14.95","USD","http://schema.org/InStock","4","Print","True","False","True","False","True","True","PM039394","0","0.0",,,""
"magazines.com","2026-06-13T14:59:22.6934164Z","Pasadena Magazine","/pasadena-magazine.html","https://www.magazines.com/pasadena-magazine.html","https://cdn.magazines.com/crt/store/covers/magazines/nmo/12Y5_s.jpg","0","Pasadena Magazine","Pasadena Magazine (Print)","Hour Media","Pasadena Magazine is a lifestyle magazine with a focus on Pasadena, a city located inside of Los Angeles Country, California. Just 10 miles from Downtown L.A., Pasadena is known for hosting major events like the Rose Bowl football game, parades, museums, and schools.","Home > magazines > Local & Regional Magazines > West Region Magazines > Pasadena Magazine","prod9620170","sku9940170","112100873","12Y5","I12Y5CS",,"https://cdn.magazines.com/crt/store/covers/magazines/nmo/12Y5_l.jpg","https://cdn.magazines.com/crt/store/covers/magazines/nmo/12Y5_s.jpg","14.95","USD","http://schema.org/InStock","6","Print","True","False","True","False","True","True","PM039394","0","0.0",,,""
"magazines.com","2026-06-13T14:59:22.6934164Z","Pasadena Magazine","/pasadena-magazine.html","https://www.magazines.com/pasadena-magazine.html","https://cdn.magazines.com/crt/store/covers/magazines/nmo/12Y5_s.jpg","0","Pasadena Magazine","Pasadena Magazine (Print)","Hour Media","Pasadena Magazine is a lifestyle magazine with a focus on Pasadena, a city located inside of Los Angeles Country, California. Just 10 miles from Downtown L.A., Pasadena is known for hosting major events like the Rose Bowl football game, parades, museums, and schools.","Home > magazines > Local & Regional Magazines > West Region Magazines > Pasadena Magazine","prod9620170","sku9940170","112100071","12Y5","I12Y5CS",,"https://cdn.magazines.com/crt/store/covers/magazines/nmo/12Y5_l.jpg","https://cdn.magazines.com/crt/store/covers/magazines/nmo/12Y5_s.jpg","27.95","USD","http://schema.org/InStock","12","Print","True","False","True","False","True","True","PM039394","0","0.0",,,""
"magazines.com","2026-06-13T14:59:08.7299972Z","Scene Magazine","/scene-magazine.html","https://www.magazines.com/scene-magazine.html","https://cdn.magazines.com/crt/store/covers/magazines/nmo/4692_s.jpg","1","Scene Magazine (print)","Scene Magazine (print)","Scene Magazine","For over 50 years, Scene magazine has featured the people and events that have shaped Southwest Florida's Arts, Cultural, Civic and Social happenings. Subscription includes 11 issues and 1 special edition during the calendar year. ","Home > magazines > Local & Regional Magazines > Southeast Region Magazines > Scene Magazine","prod9620251","sku9940251","112100694","4692","I4692CS","977019565700","https://cdn.magazines.com/crt/store/covers/magazines/nmo/4692_l.jpg","https://cdn.magazines.com/crt/store/covers/magazines/nmo/4692_s.jpg","19.95","USD","http://schema.org/InStock","24","Print","True","False","True","False","True","True","PM039394","0","0.0","5.0","1",""
"magazines.com","2026-06-13T14:59:08.7284953Z","Scene Magazine","/scene-magazine.html","https://www.magazines.com/scene-magazine.html","https://cdn.magazines.com/crt/store/covers/magazines/nmo/4692_s.jpg","1","Scene Magazine (print)","Scene Magazine (print)","Scene Magazine","For over 50 years, Scene magazine has featured the people and events that have shaped Southwest Florida's Arts, Cultural, Civic and Social happenings. Subscription includes 11 issues and 1 special edition during the calendar year. ","Home > magazines > Local & Regional Magazines > Southeast Region Magazines > Scene Magazine","prod9620251","sku9940251","112100077","4692","I4692CS","977019565700","https://cdn.magazines.com/crt/store/covers/magazines/nmo/4692_l.jpg","https://cdn.magazines.com/crt/store/covers/magazines/nmo/4692_s.jpg","12.95","USD","http://schema.org/InStock","12","Print","True","False","True","False","True","True","PM039394","0","0.0","5.0","1",""
"magazines.com","2026-06-13T14:59:12.8984275Z","Southern Living Best of the South 2026","/southern-living-best-of-the-south-2026","https://www.magazines.com/southern-living-best-of-the-south-2026","https://cdn.magazines.com/crt/store/covers/sips/BZSLVBESTSO_s.jpg","-1","Southern Living Best of the South 2026",,"People Inc.","One thing is always true about Southerners: We are wildly passionate. Whether it's a favorite college town, restaurant, or beach (and the list goes on!), Southerners love to celebrate the people and places they love. This special collector's issue from the editors of Southern Living is a reminder of the spectacular sights, inspiring people, and cultural institutions that define our region. In Best of the South, we share the best-kept secrets and classic charms of forever favorites like Charleston and Asheville, plus many more. We spotlight our roundups of the South's best beaches, BBQ joints, and scenic drives, to name a few. From cover to cover, this issue is filled with even more reasons to love the South.","Home > magazines > Lifestyle Magazines > Travel & Vacationing Magazines > Southern Living Best of the South 2026","prod8950002",,"136500092",,,"9781547870431","https://cdn.magazines.com/crt/store/covers/sips/BZSLVBESTSO_l.jpg","https://cdn.magazines.com/crt/store/covers/sips/BZSLVBESTSO_s.jpg","12.99","USD","http://schema.org/OutOfStock",,,"False","False","True",,,,,,,,,""
"magazines.com","2026-06-13T14:59:21.3715130Z","Southern Living: Container Gardening 2025","/southern-living-container-gardening-2025","https://www.magazines.com/southern-living-container-gardening-2025","https://cdn.magazines.com/crt/store/covers/sips/BZSLVCGARDEN_s.jpg","-1","Southern Living: Container Gardening 2025",,"People Inc.","Transform your front porch, deck, patio, or window box with beautiful and lush containers for every season. Short on space? No problem. We'll show you how to create pots full of color with flowers, hardy foliage, and tasty herbs. We'll share step-by-step techniques and tips on planting and care for indoor and outdoor spaces, including ""container recipes"" with exact plant combinations so you can recreate the look at home.","Home > magazines > Home & Gardening Magazines > Southern Living: Container Gardening 2025","prod8950002",,"133000008",,,"9781547867370","https://cdn.magazines.com/crt/store/covers/sips/BZSLVCGARDEN_l.jpg","https://cdn.magazines.com/crt/store/covers/sips/BZSLVCGARDEN_s.jpg","12.99","USD","http://schema.org/OutOfStock",,,"False","False","True",,,,,,,,,""
"magazines.com","2026-06-13T14:59:11.5324125Z","Southern Living: Porches & Gardens","/southern-living-porches-and-gardens","https://www.magazines.com/southern-living-porches-and-gardens","https://cdn.magazines.com/crt/store/covers/sips/BZSLVPORGA_s.jpg","-1","Southern Living: Porches & Gardens - Combo Offer","Southern Living (Print)",,"","Home > magazines > Home & Gardening Magazines > Gardening Magazines > Southern Living: Porches & Gardens","124400097","sku9090022","124400097","SLV","IMSLVCS","false","https://cdn.magazines.com/crt/store/covers/sips/BZSLVPORGA_l.jpg","https://cdn.magazines.com/crt/store/covers/sips/BZSLVPORGA_s.jpg","2.0","USD","http://schema.org/OutOfStock","10","Print","True","False","True","True","False","True","PM039394","55101506.100","0.0",,,""
"magazines.com","2026-06-13T14:59:24.0913461Z","The Essential Southern Living Cookbook","/the-essential-southern-living-cookbook","https://www.magazines.com/the-essential-southern-living-cookbook","https://cdn.magazines.com/crt/store/covers/books/565085_s.jpg","-1","The Essential SL Cookbook",,"People Inc.","Simply put, there are some recipes every cook worth their salt (and sugar) should have in their repertoire. For Southerners, it's like learning the alphabet, from A (ambrosia salad) to Z (zesty lemon pie). Including cheesy grits, fried chicken, Hoppin' John, and banana pudding pie, the more than 450 recipes in this book fall into that category. The Essential Southern Living Cookbook is a roundup of our favorite recipes for every kind of occasion. When time's short, stir up Snappy Cajun Shrimp or toss together Dixie Chicken Salad with Grapes, Honey, Almonds and Broccoli. If a celebratory feast is in order, indulge in Prime Rib with Herbes de Provence Crust and Red Wine Sauce, paired with Caramelized Onion Mashed Potato Bake and Green Bean Casserole with Fried Leeks. From the legendary to the iconic to some unexpected delights, the recipes in The Essential Southern Living Cookbook will be ones you turn to again and again.
","Home > magazines > Magazines for Women > Home Cooking Magazines > The Essential Southern Living Cookbook","prod8950002",,"120100117",,,"9780848784324","https://cdn.magazines.com/crt/store/covers/books/565085_l.jpg","https://cdn.magazines.com/crt/store/covers/books/565085_s.jpg","34.99","USD","http://schema.org/OutOfStock",,,"False","False","True",,,,,,,,,""
"magazines.com","2026-06-13T14:58:59.2476591Z","Weight Watchers: 5 Ingredient, 15 Minute Recipes 2022","/weight-watchers-5-ingredient-15-minute-recipes-2022","https://www.magazines.com/weight-watchers-5-ingredient-15-minute-recipes-2022","https://cdn.magazines.com/crt/store/covers/sips/BZWW5IN1522_s.jpg","-1","Weight Watchers: 5 Ingredient, 15 Minute Recipes 2022",,"People Inc.","Living with the new WW PersonalPoints plan has never been easier. These fresh and tasty recipes require no more than five ingredients OR can be prepared in 15 minutes or less, and many recipes fit the bill for both. Every recipe satisfies WW nutritional requirements and includes QR codes for the PersonalPoints plan. Each chapter features recipes made with fresh, seasonal ingredients ideal for summer cooking as well as tips for easy meal planning. 
","Home > magazines > Cooking, Food & Beverage Magazines > Cooking & Food Magazines > Weight Watchers: 5 Ingredient, 15 Minute Recipes 2022","prod8950002",,"124400092",,,,"https://cdn.magazines.com/crt/store/covers/sips/BZWW5IN1522_l.jpg","https://cdn.magazines.com/crt/store/covers/sips/BZWW5IN1522_s.jpg","12.99","USD","http://schema.org/OutOfStock",,,"False","False","True",,,,,,,,,""
"magazines.com","2026-06-13T14:59:03.4705617Z","Yoga Journal The Power of Mindfulness","/yoga-journal-the-power-of-mindfulness","https://www.magazines.com/yoga-journal-the-power-of-mindfulness","https://cdn.magazines.com/crt/store/covers/sips/BZYGJMINDFU_s.jpg","-1","Yoga Journal The Power of Mindfulness",,"People Inc.","In this ultimate guide to discovering serenity, Yoga Journal offers up tips for mindful eating, ways to live more compassionately, steps toward rest and true relaxation, and more than 25 simple asana and meditation practices for embracing who you are. Just a few minutes of mindful movement or meditation a day can transform your health, well-being, and the way you walk through the world. From work stress to worry, this special issue has you covered, helping you step into any situation and find peace of mind.  
","Home > magazines > Health & Fitness Magazines > Healthy Living Magazines > Yoga Journal The Power of Mindfulness","prod8950002",,"124400094",,,,"https://cdn.magazines.com/crt/store/covers/sips/BZYGJMINDFU_l.jpg","https://cdn.magazines.com/crt/store/covers/sips/BZYGJMINDFU_s.jpg","12.99","USD","http://schema.org/OutOfStock",,,"False","False","True",,,,,,,,,""
